lex_func_eval,stat_digit_ratio,classDefExists,lex_input__POST,stat_entropy,dynamicFuncCallExists,lex_input__FILES,stat_symbol_ratio,lex_symbol_count,stat_compression_ratio,stat_unique_char_ratio,funcDefCount,lex_func_exec,superglobalAsFuncArg,lex_func_proc_open,lex_string_literal_count,lex_func_system,stat_length,stat_longest_string,lex_input__REQUEST,lex_include_require_once,lex_include_include,lex_input__GET,lex_obfus_base64_decode,decodeFuncCount,actual,predicted
0,0.0119047619047619,0.0,0,5.402521891034787,0.0,0,0.3660714285714285,22,0.8065476190476191,0.1964285714285714,0,0,0,0,4,0,336,26,0,1,0,0,0,0,0,1
0,0.0464853771164699,0.0,0,5.239534565099421,0.0,0,0.4503848127244741,1004,0.2703414682638302,0.0059517701385325,8,0,0,0,41,0,19490,66,0,0,1,0,0,0,0,1
0,0.029891304347826,0.0,0,5.737418417358899,0.0,0,0.3016304347826087,91,0.5126811594202898,0.072463768115942,0,0,0,0,26,0,1104,106,0,3,0,0,0,0,0,1
0,0.0078277886497064,0.0,2,5.27133268846738,0.0,0,0.324853228962818,29,0.6555772994129159,0.1272015655577299,0,0,0,0,5,0,511,26,0,1,0,0,0,0,0,1
0,0.0384390529085062,0.0,0,5.499683167605291,0.0,0,0.4054370067231803,415,0.3512130955860859,0.0128617363344051,2,0,0,0,68,0,6842,60,0,0,0,0,0,0,0,1
0,0.0160115215181294,0.0,0,5.474208117125931,0.0,0,0.4164689935615046,639,0.2561843442900711,0.0077092511013215,6,0,0,0,159,0,11804,29,0,0,0,0,0,0,0,1
0,0.0228571428571428,0.0,0,4.781545635928925,0.0,0,0.4571428571428571,21,0.5714285714285714,0.2114285714285714,0,0,0,0,0,0,175,0,0,0,0,0,0,0,0,1
0,0.0256812153363877,0.0,0,5.329897136879402,0.0,0,0.4658789486375693,1230,0.3232457197974439,0.0056064625030142,13,0,0,0,198,0,16588,95,0,0,0,0,0,0,0,1
0,0.0224411861769836,1.0,3,5.524443593808409,0.0,2,0.4078072698128329,1202,0.2311065013436424,0.0042902267691292,13,0,1,0,349,0,21211,149,0,0,0,3,0,0,0,1
0,0.0133037694013303,0.0,0,5.228779222039909,0.0,0,0.4911308203991131,462,0.3406011332840601,0.0112096575511209,7,0,0,0,159,0,8118,65,0,0,0,0,0,0,0,1
0,0.0066929133858267,0.0,0,4.98286266724858,0.0,0,0.3562992125984252,81,0.511023622047244,0.0307086614173228,1,0,0,0,7,0,2540,43,0,0,0,0,1,1,0,1
0,0.0304678679823468,0.0,0,4.968271394915811,0.0,0,0.398868084981599,3438,0.209184346729616,0.0013049279357213,0,0,0,0,178,0,68203,32,0,0,0,0,0,0,0,1
