params,mean_test_score
"{'n_estimators': 200, 'min_samples_split': 2, 'min_samples_leaf': 1, 'max_features': 'sqrt', 'max_depth': 20, 'criterion': 'entropy', 'bootstrap': True}",0.9876938865859648
"{'n_estimators': 100, 'min_samples_split': 5, 'min_samples_leaf': 1, 'max_features': 'log2', 'max_depth': None, 'criterion': 'gini', 'bootstrap': True}",0.9873623527529745
"{'n_estimators': 200, 'min_samples_split': 2, 'min_samples_leaf': 1, 'max_features': 'sqrt', 'max_depth': 50, 'criterion': 'entropy', 'bootstrap': True}",0.9872175735756084
"{'n_estimators': 200, 'min_samples_split': 5, 'min_samples_leaf': 1, 'max_features': 'sqrt', 'max_depth': 50, 'criterion': 'entropy', 'bootstrap': True}",0.9869016416143767
"{'n_estimators': 100, 'min_samples_split': 5, 'min_samples_leaf': 1, 'max_features': 'log2', 'max_depth': None, 'criterion': 'entropy', 'bootstrap': True}",0.9868878543725282
"{'n_estimators': 200, 'min_samples_split': 2, 'min_samples_leaf': 1, 'max_features': 'log2', 'max_depth': 20, 'criterion': 'entropy', 'bootstrap': True}",0.986729475486162
"{'n_estimators': 100, 'min_samples_split': 2, 'min_samples_leaf': 2, 'max_features': 'log2', 'max_depth': 50, 'criterion': 'entropy', 'bootstrap': True}",0.9862422273967821
"{'n_estimators': 300, 'min_samples_split': 5, 'min_samples_leaf': 1, 'max_features': 'log2', 'max_depth': 20, 'criterion': 'gini', 'bootstrap': True}",0.9862365515850403
"{'n_estimators': 200, 'min_samples_split': 10, 'min_samples_leaf': 1, 'max_features': 'log2', 'max_depth': None, 'criterion': 'entropy', 'bootstrap': True}",0.9859206411309083
"{'n_estimators': 200, 'min_samples_split': 2, 'min_samples_leaf': 2, 'max_features': 'sqrt', 'max_depth': 20, 'criterion': 'entropy', 'bootstrap': True}",0.9859144403075474
